_id,Series Name,Series Code,Country Name,Country Code,YR1990,YR1991,YR1992,YR1993,YR1994,YR1995,YR1996,YR1997,YR1998,YR1999,YR2000,YR2001,YR2002,YR2003,YR2004,YR2005,YR2006,YR2007,YR2008,YR2009,YR2010,YR2011,YR2012,YR2013,YR2014
1,Access to electricity (% of total population),1.1_ACCESS.ELECTRICITY.TOT,Afghanistan,AFG,0,0,0,0,0,0,0,0,0,0.016870929,0.16371274,1.006098986,3.467205048,7.209178925,13.96917152,23,27.5064106,34.29051208,42.4,47.88846588,42.7,61.51441956,69.1,75.15437317,89.5
2,Access to electricity (% of total population),1.1_ACCESS.ELECTRICITY.TOT,Albania,ALB,100,100,100,100,100,100,100,100,100,100,100,100,100,100,100,100,100,100,100,100,100,100,100,100,100
3,Access to electricity (% of total population),1.1_ACCESS.ELECTRICITY.TOT,Algeria,DZA,92.99005127,93.39325714,93.79601288,94.19605255,94.59069061,94.977211,95.35290527,95.715065,96.06099701,96.38908386,96.70213318,97.00404358,97.29869843,97.59001923,97.88188934,98.18426514,98.49073792,98.80651855,99.3,99.44389343,99.71117401,99.88954163,99.9730835,99.99691772,100
4,Access to electricity (% of total population),1.1_ACCESS.ELECTRICITY.TOT,American Samoa,ASM,0,0,0,0,0,0,0,0,0,0,0,0,0,0,0,0,0,0,0,0,0,0,0,0,0
5,Access to electricity (% of total population),1.1_ACCESS.ELECTRICITY.TOT,Andorra,ADO,100,100,100,100,100,100,100,100,100,100,100,100,100,100,100,100,100,100,100,100,100,100,100,100,100
6,Access to electricity (% of total population),1.1_ACCESS.ELECTRICITY.TOT,Angola,AGO,47.83362961,47.26111603,46.6881485,46.11248016,45.53139496,44.94219589,44.34217453,43.72862244,43.09883499,42.45120621,41.78853989,41.11472702,40.43367004,39.74926758,39.06541824,38.38602448,37.71497726,37.5,36.40599823,35.76550674,35.13201904,34.6,33.87903595,33.2560463,32
7,Access to electricity (% of total population),1.1_ACCESS.ELECTRICITY.TOT,Antigua and Barbuda,ATG,81.76303101,82.43552399,83.10756683,83.77690887,84.44083405,85.09664917,85.74163055,86.37309265,86.98831177,87.58570099,88.16803741,88.73923492,89.30319214,89.86380005,90.42495728,90.9905777,91.56453705,92.14981079,92.74558258,93.35009766,93.96161652,94.55201403,95.19865417,95.82067871,96.44298553
8,Access to electricity (% of total population),1.1_ACCESS.ELECTRICITY.TOT,Argentina,ARG,90.75908661,91.22473145,91.68991852,92.15240479,92.60948181,93.05843353,93.49656677,93.9211731,94.32954407,94.72006989,95.09555817,95.51106347,95.81700897,96.17076111,96.52507019,96.88382721,97.25093842,97.62935638,98.02481842,98.42118835,98.82,99.22019196,99.57305908,99.83154297,100
9,Access to electricity (% of total population),1.1_ACCESS.ELECTRICITY.TOT,Armenia,ARM,97.25182343,97.45218658,97.65210724,97.84931946,98.03503418,98.21669006,98.3875351,98.5450592,98.68743134,98.81430817,98.9,100,98,99.21535492,99.30730438,99.8,99.50715637,99.61998749,99.73951721,99.85289001,99.8,99.9835434,99.99794006,100,100
10,Access to electricity (% of total population),1.1_ACCESS.ELECTRICITY.TOT,Aruba,ABW,88.96104431,89.25134277,89.5411911,89.82833862,90.11006927,90.38368988,90.64647675,90.89574432,91.12876892,91.34395599,91.660398,91.73310852,91.91486359,92.09327698,92.27224731,92.45566559,92.64743042,92.85050964,93.06408691,93.2864151,93.35629215,93.75031281,93.98838806,94.22821045,94.46832275
11,Access to electricity (% of total population),1.1_ACCESS.ELECTRICITY.TOT,Australia,AUS,100,100,100,100,100,100,100,100,100,100,100,100,100,100,100,100,100,100,100,100,100,100,100,100,100
12,Access to electricity (% of total population),1.1_ACCESS.ELECTRICITY.TOT,Austria,AUT,100,100,100,100,100,100,100,100,100,100,100,100,100,100,100,100,100,100,100,100,100,100,100,100,100
13,Access to electricity (% of total population),1.1_ACCESS.ELECTRICITY.TOT,Azerbaijan,AZE,93.8162384,94.26899719,94.72130585,95.1709137,95.61510468,96.05118561,96.4764328,96.88816071,97.28364563,97,98.01556396,98.36993408,100,99.0592804,99.38833618,99.67290497,99.5,99.9670105,99.99606323,100,100,100,100,100,100
14,Access to electricity (% of total population),1.1_ACCESS.ELECTRICITY.TOT,The Bahamas,BHS,90.26911926,90.83250427,91.39544678,91.95567322,92.51049042,93.05719757,93.59307098,94.11541748,94.62153625,95.10980988,95.58304596,96.065547,96.49997711,96.95147705,97.40352631,97.86003113,98.33274841,98.80426025,99.25509644,99.62670898,99.86366272,99.96853638,99.99661255,100,100
15,Access to electricity (% of total population),1.1_ACCESS.ELECTRICITY.TOT,Bahrain,BHR,0,0,0,0,0,0,0,0,0,0,0,100,100,100,100,100,100,100,100,100,100,100,100,100,100
16,Access to electricity (% of total population),1.1_ACCESS.ELECTRICITY.TOT,Bangladesh,BGD,7.576311588,9.997324944,12.41788769,14.8357439,17.8,19.65251732,22.04602051,22.4,26.7897377,29.13563728,32,33.78621292,36.0986824,38.40781021,40.6,44.23,45.35409927,46.5,50.03217697,52.38521576,55.26,59.6,59.47932434,61.5,62.4
17,Access to electricity (% of total population),1.1_ACCESS.ELECTRICITY.TOT,Barbados,BRB,0,0,0,0,0,0,0,0,0,0,100,100,100,100,100,100,100,100,100,100,100,100,100,100,100
18,Access to electricity (% of total population),1.1_ACCESS.ELECTRICITY.TOT,Belarus,BLR,100,100,100,100,100,100,100,100,100,100,100,100,100,100,100,100,100,100,100,100,100,100,100,100,100
19,Access to electricity (% of total population),1.1_ACCESS.ELECTRICITY.TOT,Belgium,BEL,100,100,100,100,100,100,100,100,100,100,100,100,100,100,100,100,100,100,100,100,100,100,100,100,100
20,Access to electricity (% of total population),1.1_ACCESS.ELECTRICITY.TOT,Belize,BLZ,77.61639404,78.29534149,78.97384644,79.64963531,80.32001495,80.98228455,81.6337204,82.27163696,82.89331055,83.49714661,84.08594513,84.66359711,85.23400879,85.80107117,86.36868286,86.94075012,87.52116394,88.11289215,88.71511841,89.32609558,89.91722437,90.56729126,91.1940155,91.82248688,92.45124817
21,Access to electricity (% of total population),1.1_ACCESS.ELECTRICITY.TOT,Benin,BEN,7.227713108,8.595435143,9.962705612,11.32727051,12.6864233,14.03745937,14.5,16.70435524,18.01480484,19.3074131,20.58498192,21.9,23.11058426,24.36641884,25.62280655,26.8836441,27.9,29.43333054,30.72432709,32.02407455,34.2,36.9,38.4,37.27555466,34.1
22,Access to electricity (% of total population),1.1_ACCESS.ELECTRICITY.TOT,Bermuda,BMU,100,100,100,100,100,100,100,100,100,100,100,100,100,100,100,100,100,100,100,100,100,100,100,100,100
23,Access to electricity (% of total population),1.1_ACCESS.ELECTRICITY.TOT,Bhutan,BTN,0,0.034340307,0.260303587,1.184689164,1.56777966,6.682752609,11.78690243,16.87752342,21.95190811,27.00845528,32.04995728,37.08031845,42.10343552,41.1,52.1435318,59.80811164,62.20143509,71.8,72.30080414,77.36448669,82.43516541,87.51110077,91.5,97.67171478,100
24,Access to electricity (% of total population),1.1_ACCESS.ELECTRICITY.TOT,Bolivia,BOL,54.7538414,56.30331421,57.85233688,59.39865112,64.1,62.47234344,63.99430847,67.330431,71.2,70.929888,69.963045,69.258539,63.996855,72.3,75.69345093,68.288209,76.211281,80.156567,84.674991,86.765597,84.49197388,88.335943,90.387375,89.505686,90.038729
25,Access to electricity (% of total population),1.1_ACCESS.ELECTRICITY.TOT,Bosnia and Herzegovina,BIH,96.26522827,96.53527832,96.80487061,97.07176208,97.33324432,97.58660889,97.82914734,98.0462265,98.25828552,98.45483398,98.63742828,99.4,98.5,99.13459778,99.2962265,99.46206665,99.63188171,99.7,99.91215515,99.97640991,99.99703979,100,100,100,100
26,Access to electricity (% of total population),1.1_ACCESS.ELECTRICITY.TOT,Botswana,BWA,5.807373047,10.1,10.15149498,12.32062435,14.48434258,16.63994408,18.78472137,20.91596985,23.03098297,25.12815666,27.210289,24.8,31.3450222,33.4054184,35.46637344,37.53177643,39.60552979,41.6905899,43.1,45.89046478,48.00177383,53.24,52.23839188,54.36020279,56.48230362
27,Access to electricity (% of total population),1.1_ACCESS.ELECTRICITY.TOT,Brazil,BRA,87.475116,89.68133545,88.803833,89.999927,91.36769104,91.728598,92.867095,93.354139,94.193812,94.76296,94.45697021,96.016528,96.652996,96.980098,96.765107,97.093513,97.594314,98.125382,98.526625,98.856938,99.1600647,99.328691,99.519494,99.575151,99.650247
28,Access to electricity (% of total population),1.1_ACCESS.ELECTRICITY.TOT,British Virgin Islands,VGB,0,0,0,0,0,0,0,0,0,0,0,0,0,0,0,0,0,0,0,0,0,0,0,0,0
29,Access to electricity (% of total population),1.1_ACCESS.ELECTRICITY.TOT,Brunei Darussalam,BRN,100,100,100,100,100,100,100,100,100,100,100,100,100,100,100,100,100,100,100,100,100,100,100,100,100
30,Access to electricity (% of total population),1.1_ACCESS.ELECTRICITY.TOT,Bulgaria,BGR,100,100,100,100,100,100,100,100,100,100,100,100,100,100,100,100,100,100,100,100,100,100,100,100,100
31,Access to electricity (% of total population),1.1_ACCESS.ELECTRICITY.TOT,Burkina Faso,BFA,2.752827406,3.429683208,4.106088161,6.1,5.448074818,6.108244896,6.757591724,7.393409729,8.012992859,6.9,9.20143795,9.776995659,10.34531021,11.4,11.47579956,12.04577255,12.62409592,13.213727,13.81385708,14.42273808,13.1,15.65974617,16.28437614,16.91075516,19.2
32,Access to electricity (% of total population),1.1_ACCESS.ELECTRICITY.TOT,Burundi,BDI,1.453455091,1.733715534,2.013525009,2.29062891,2.562320948,2.825895786,3.078647375,3.317869902,3.9,3.746005535,3.93611145,4.115074635,4.286792755,4.455165863,4.624091625,4.797469139,4.979197025,5.172233105,4.8,5.588053226,5.3,6.031871319,6.5,6.489688396,7
33,Access to electricity (% of total population),1.1_ACCESS.ELECTRICITY.TOT,Cambodia,KHM,0,0.103671074,0.470170826,0.554133475,2.740148067,4.918045521,7.085119724,9.238664627,18.67,13.49544525,16.6,17.6931591,19.7791996,19.3,23.94514465,20.5,28.12889481,30.23625374,26.4,34.48071671,31.1,38.75318146,40.89553833,43.03964233,56.1
34,Access to electricity (% of total population),1.1_ACCESS.ELECTRICITY.TOT,Cameroon,CMR,30.0637989,29,32.4811058,33.6868248,34.88713455,36.07932663,37.26069641,38.42853546,40.7,40.71390533,41,46.2,44.04054642,45.1375351,47.1,47.33707428,49,48.2,50.70122528,51.84212875,52.9900322,53.7,55.29983139,56.45823288,56.8
35,Access to electricity (% of total population),1.1_ACCESS.ELECTRICITY.TOT,Canada,CAN,100,100,100,100,100,100,100,100,100,100,100,100,100,100,100,100,100,100,100,100,100,100,100,100,100
36,Access to electricity (% of total population),1.1_ACCESS.ELECTRICITY.TOT,Cape Verde,CPV,28.26068306,30.90181732,33.54250336,36.18048096,38.8130455,41.43749619,44.05112076,46.65121841,49.23508072,51.80110168,54.35208511,56.891922,58.6,61.95376205,64.48355865,67,69.56041718,72.11432648,74.67873383,77.25189209,81.1,82.41745758,85.00637054,87.59703064,90.18797302
37,Access to electricity (% of total population),1.1_ACCESS.ELECTRICITY.TOT,Cayman Islands,CYM,100,100,100,100,100,100,100,100,100,100,100,100,100,100,100,100,100,100,100,100,100,100,100,100,100
38,Access to electricity (% of total population),1.1_ACCESS.ELECTRICITY.TOT,Central African Republic,CAF,0.398507953,0.956472993,1.513987064,2.068795204,2.618191957,3,3.68992734,4.206854343,4.707546711,5.19039917,6,6.114877224,6.56430006,7.010377407,7.457007885,7.908089638,8.36752224,8.838262558,9.319502831,9.809492111,9.8,10.80871868,11.31445694,11.82194519,12.32972527
39,Access to electricity (% of total population),1.1_ACCESS.ELECTRICITY.TOT,Chad,TCD,0,0.031614438,0.110866964,0.301871508,0.581031799,1.008564115,1.42527318,2.3,2.21539855,2.584504128,2.938567638,3.28148818,3.617164135,3.9494946,3.5,4.619713306,4.965398788,5.322392464,5.689885139,6.0661273,6.4,6.837860584,7.229851723,7.623592854,8.017625809
40,Access to electricity (% of total population),1.1_ACCESS.ELECTRICITY.TOT,Channel Islands,CHI,100,100,100,100,100,100,100,100,100,100,100,100,100,100,100,100,100,100,100,100,100,100,100,100,100
41,Access to electricity (% of total population),1.1_ACCESS.ELECTRICITY.TOT,Chile,CHL,92.257427,94.07894897,94.560057,94.81132507,95.17074585,95.52204895,95.617315,96.18948364,97.241124,96.79307556,97.938687,97.33760071,97.5970459,98.782325,98.11312866,98.37696838,99.368108,98.92881012,99.21689606,99.593662,99.73860168,99.588193,99.97544861,99.6,100
42,Access to electricity (% of total population),1.1_ACCESS.ELECTRICITY.TOT,China,CHN,89.39480591,89.96698761,90.53871155,91.10773468,91.67134857,92.22684479,92.77151489,93.30265808,93.81756592,94.3146286,94.79665375,95.26753998,95.73117828,96.19146729,96.65231323,97.11760712,97.59125519,98.08387756,98.57659149,99.06166077,99.7,99.79426575,99.94684601,99.99354553,100
43,Access to electricity (% of total population),1.1_ACCESS.ELECTRICITY.TOT,Colombia,COL,89.9,90.71046448,91.09864807,91.48412323,91.86418915,91.2,92.59725952,92.94485474,93.2762146,93.58973694,95.2,94.17554474,94.45563507,94.73238373,95.0096817,96.8,95.58152771,95.88293457,96.806763,96.057229,96.788995,96.6936,97.032176,97.779418,97.790938
44,Access to electricity (% of total population),1.1_ACCESS.ELECTRICITY.TOT,Comoros,COM,14.41678429,16.95042992,19.4836235,22.01411247,24.53918839,27.05614662,28.9,32.05488968,34.53126144,36.98979568,39.43328476,41.86563492,44.8,46.7124939,49.13480377,51.5615654,53.9966774,56.44309998,58.9000206,61.36568832,63.83835602,66.31627655,69.3,71.2808609,73.76432037
45,Access to electricity (% of total population),1.1_ACCESS.ELECTRICITY.TOT,Dem. Rep. Congo,ZAR,0,0.592188418,1.3027879,2.010681629,2.713163853,3.407528639,4.091070175,4.761082649,5.414860249,6.050798416,6.7,7.281446934,7.883955479,8.483118057,9.082834244,6,10.29951954,15.2,11.55767059,12.20074558,12.85081959,13.50614357,15.4,14.82554054,13.5
46,Access to electricity (% of total population),1.1_ACCESS.ELECTRICITY.TOT,Congo,COG,17.7301693,18.85061646,19.97061348,21.08790398,22.19978142,23.30354309,24.39648247,25.47589111,26.53906631,27.58440208,28.6146946,29.63384438,30.64575005,31.65430832,32.66342163,33.8,34.69890213,35.73212433,36.77584457,37.1,38.88778687,39.95251083,41.6,42.09070206,43.16096115
47,Access to electricity (% of total population),1.1_ACCESS.ELECTRICITY.TOT,Cook Islands,COK,95.33018494,95.58261871,95.83459473,96.08386993,96.32772827,96.56347656,96.78839874,96.99978638,97.19494629,97.37226105,97.53453827,97.68566895,97.82955933,97.9701004,98.11119843,98.25674438,98.60750531,98.57585144,98.7515564,98.93600464,99.12746429,99.26806953,99.52436829,99.72631836,99.92856598
48,Access to electricity (% of total population),1.1_ACCESS.ELECTRICITY.TOT,Costa Rica,CRI,97.24009705,97.40356445,97.56658936,97.72690582,97.88181305,98.0286026,98.16456604,98.28700256,98.39320374,98.48156738,98.55488586,98.24978,98.509188,98.695902,98.954779,99.053051,99.147523,99.217998,99.263937,99.409804,98.995734,99.232348,99.503298,99.563517,99.359291
49,Access to electricity (% of total population),1.1_ACCESS.ELECTRICITY.TOT,Cote d'Ivoire,CIV,97.24009705,97.40356445,97.56658936,97.72690582,97.88181305,98.0286026,98.16456604,98.28700256,98.39320374,98.48156738,98.55488586,98.24978,98.509188,98.695902,98.954779,99.053051,99.147523,99.217998,99.263937,99.409804,98.995734,99.232348,99.503298,99.563517,99.359291
50,Access to electricity (% of total population),1.1_ACCESS.ELECTRICITY.TOT,Croatia,HRV,100,100,100,100,100,100,100,100,100,100,100,100,100,100,100,100,100,100,100,100,100,100,100,100,100
51,Access to electricity (% of total population),1.1_ACCESS.ELECTRICITY.TOT,Cuba,CUB,92.065979,92.58811951,93.10980225,93.62879181,94.1423645,94.64781952,95.14244843,95.62355042,96.08841705,96.53544617,97,97.38827515,97.80187225,98.21253967,98.62625122,99.03889465,99.42514801,99.72990417,99.91030884,99.98190308,99.99838257,100,100,100,100
52,Access to electricity (% of total population),1.1_ACCESS.ELECTRICITY.TOT,Curacao,CUW,92.065979,92.58811951,93.10980225,93.62879181,94.1423645,94.64781952,95.14244843,95.62355042,96.08841705,96.53544617,97,97.38827515,97.80187225,98.21253967,98.62625122,99.03889465,99.42514801,99.72990417,99.91030884,99.98190308,99.99838257,100,100,100,100
53,Access to electricity (% of total population),1.1_ACCESS.ELECTRICITY.TOT,Cyprus,CYP,100,100,100,100,100,100,100,100,100,100,100,100,100,100,100,100,100,100,100,100,100,100,100,100,100
54,Access to electricity (% of total population),1.1_ACCESS.ELECTRICITY.TOT,Czech Republic,CZE,100,100,100,100,100,100,100,100,100,100,100,100,100,100,100,100,100,100,100,100,100,100,100,100,100
55,Access to electricity (% of total population),1.1_ACCESS.ELECTRICITY.TOT,Denmark,DNK,100,100,100,100,100,100,100,100,100,100,100,100,100,100,100,100,100,100,100,100,100,100,100,100,100
56,Access to electricity (% of total population),1.1_ACCESS.ELECTRICITY.TOT,Djibouti,DJI,63.35894012,62.72679138,62.09418869,61.45888519,60.81816483,60.1693306,62,58.836483,58.14706039,57.43979645,56.71749115,55.98404694,49.7,54.49931717,53.75583267,53.01679993,55.5,51.56674194,50.85786438,50.15774155,49.46461487,48.77673721,48.09236145,47.40973282,46.72739792
57,Access to electricity (% of total population),1.1_ACCESS.ELECTRICITY.TOT,Dominica,DMA,65.4703064,67.02281952,68.57487488,70.12423706,71.66818237,73.20400238,74.72901154,76.24048615,75,79.21312714,80.6754837,82.12670135,87.7,85.01129913,86.4524765,87.89810181,89.3520813,90.81737518,90.9,93.7776947,95.2692337,96.76602173,98.10884094,99.19297028,100
58,Access to electricity (% of total population),1.1_ACCESS.ELECTRICITY.TOT,Dominican Republic,DOM,79.11233521,78.2,81.00093079,81.94229889,82.87825012,83.80608368,84.72309875,85.62658691,86.51383209,91,88.764932,89.791362,89.749814,89.173808,90.316567,90.141224,90.118148,96.876342,97.576197,97.85776,98.145414,97.898872,97.86705,98.385853,98.470979
59,Access to electricity (% of total population),1.1_ACCESS.ELECTRICITY.TOT,Ecuador,ECU,88.81425476,89.29840088,89.78209686,90.26308441,90.73866272,89.830167,91.66275787,92.10586548,92.726642,93.071434,93.33576202,93.71861267,94.09421539,94.973044,94.83927917,95.83265,96.315259,96.812618,97.206576,96.470862,97.462142,96.872699,97.194929,98.034674,98.976067
60,Access to electricity (% of total population),1.1_ACCESS.ELECTRICITY.TOT,Egypt,EGY,93.79931641,94.17079163,93.4,94.9101181,95.27302551,95.5,95.97177124,96.30220032,96.61640167,96.91275787,97.7,97.46424866,97.72717285,98.8,98.25021362,99.4,99.04,99.07633209,99.8,99.63510132,99.84063721,99.95353699,99.99267578,99.99964905,99.8
61,Access to electricity (% of total population),1.1_ACCESS.ELECTRICITY.TOT,El Salvador,SLV,72.16699982,69.60788,74.33824921,75.42094421,76.49822998,76.995504,77.883,79.67055511,81.637983,79.129592,84.519249,87.063829,87.54906,86.961151,87.357045,87.525839,89.201467,91.109558,91.000227,91.08402,91.580238,92.574686,93.680571,95.043105,95.125416
62,Access to electricity (% of total population),1.1_ACCESS.ELECTRICITY.TOT,Equatorial Guinea,GNQ,54.83329773,55.42446518,56.0151825,56.60319138,57.18579102,57.76027298,58.32392883,58.87405777,59.40795517,59.92400742,60.42502213,60.91489029,61.39751816,61.87679672,62.35662842,62.84091187,63.3335495,63.83749008,64.35193634,64.87512207,65.40531921,66.1,66.47969818,67.02038574,67.56137085
63,Access to electricity (% of total population),1.1_ACCESS.ELECTRICITY.TOT,Eritrea,ERI,17.05944443,18.31919098,19.5784874,20.83507538,22.08625412,22.9,24.56155205,25.78026199,26.98273468,28.16736984,29.33696175,30.49541092,32.2,32.79447556,33.94288635,35.0957489,36.25696182,37.42948532,38.61250687,39.80427933,41.00304794,42.2070694,43.41458893,44.62385559,45.8334198
64,Access to electricity (% of total population),1.1_ACCESS.ELECTRICITY.TOT,Estonia,EST,100,100,100,100,100,100,100,100,100,100,100,100,100,100,100,100,100,100,100,100,100,100,100,100,100
65,Access to electricity (% of total population),1.1_ACCESS.ELECTRICITY.TOT,Ethiopia,ETH,0,1.135809779,2.292165756,3.445815802,4.594054222,5.734175205,6.863473415,7.979241848,9.07877636,10.16047001,12.7,12.28263187,13.33089638,14.37581635,15.42128849,14,17.5294857,18.5990696,19.67914963,20.76798058,21.86381149,23,24.06947136,25.17580223,27.2
66,Access to electricity (% of total population),1.1_ACCESS.ELECTRICITY.TOT,Faeroe Islands,FRO,0,0,0,0,0,0,0,0,0,0,0,0,0,0,0,0,0,0,0,0,0,0,0,0,0
67,Access to electricity (% of total population),1.1_ACCESS.ELECTRICITY.TOT,Falkland Islands,FLK,0,0,0,0,0,0,0,0,0,0,0,0,0,0,0,0,0,0,0,0,0,0,0,0,0
68,Access to electricity (% of total population),1.1_ACCESS.ELECTRICITY.TOT,Fiji,FJI,55.24864197,57.23933029,59.2295723,61.21710587,63.19922638,65.17323303,66.9,69.0860672,71.01948547,72.93505859,74.83559418,76.72499084,78.60713959,80,82.36529541,84.24909973,86.14125824,88.9,89.95869446,91.88140869,93.81111908,95.74608612,97.68454742,98.91590881,100
69,Access to electricity (% of total population),1.1_ACCESS.ELECTRICITY.TOT,Finland,FIN,100,100,100,100,100,100,100,100,100,100,100,100,100,100,100,100,100,100,100,100,100,100,100,100,100
70,Access to electricity (% of total population),1.1_ACCESS.ELECTRICITY.TOT,France,FRA,100,100,100,100,100,100,100,100,100,100,100,100,100,100,100,100,100,100,100,100,100,100,100,100,100
71,Access to electricity (% of total population),1.1_ACCESS.ELECTRICITY.TOT,French Guyana,GUF,0,0,0,0,0,0,0,0,0,0,0,0,0,0,0,0,0,0,0,0,0,0,0,0,0
72,Access to electricity (% of total population),1.1_ACCESS.ELECTRICITY.TOT,French Polynesia,PYF,100,100,100,100,100,100,100,100,100,100,100,100,100,100,100,100,100,100,100,100,100,100,100,100,100
73,Access to electricity (% of total population),1.1_ACCESS.ELECTRICITY.TOT,Gabon,GAB,63.89795303,65.02529907,66.15218353,67.27636719,68.3951416,69.50579834,70.60562897,71.69193268,72.76200104,73.81423187,73.6,75.87745667,76.89625549,77.91171265,78.92771912,81.6,80.97698212,82.01709747,83.06771851,84.12708282,85.1934433,86.26506042,89.3,86.4,89.49419403
74,Access to electricity (% of total population),1.1_ACCESS.ELECTRICITY.TOT,The Gambia,GMB,16.77231789,18.1014061,19.43004417,17.7,22.07649803,23.38890076,24.69048119,25.97853279,27.25034904,28.50432587,34.3,30.97105217,32.19159698,33.40879822,34.6265564,35.84876251,37.079319,38.32118225,39.57354736,40.83465958,42.10277176,43.37613678,44.65299606,44.5,47.21051407
75,Access to electricity (% of total population),1.1_ACCESS.ELECTRICITY.TOT,Georgia,GEO,99.00380707,99.1108017,99.21647644,99.31900787,99.41604614,99.50495911,99.58306885,99.64784241,99.69746399,99.73146057,99.75111389,99.75959778,99.9,99.76190186,99.7623291,99.76554108,99.77567291,99.79553223,99.82525635,99.86341095,99.90670013,99.94815826,100,99.99447632,100
76,Access to electricity (% of total population),1.1_ACCESS.ELECTRICITY.TOT,Germany,DEU,100,100,100,100,100,100,100,100,100,100,100,100,100,100,100,100,100,100,100,100,100,100,100,100,100
77,Access to electricity (% of total population),1.1_ACCESS.ELECTRICITY.TOT,Ghana,GHA,23.87701988,26.0018692,28.12626648,30.6,32.36423874,34.47240448,36.56974411,38.65355682,42.6,42.77086639,44.80556107,46.82911301,48.84542084,48.3,52.87189865,54.88986206,56.91617966,58.95380402,60.5,63.05879974,65.12267303,64.06256,69.26441956,70.7,78.3
78,Access to electricity (% of total population),1.1_ACCESS.ELECTRICITY.TOT,Gibraltar,GIB,100,100,100,100,100,100,100,100,100,100,100,100,100,100,100,100,100,100,100,100,100,100,100,100,100
79,Access to electricity (% of total population),1.1_ACCESS.ELECTRICITY.TOT,Greece,GRC,100,100,100,100,100,100,100,100,100,100,100,100,100,100,100,100,100,100,100,100,100,100,100,100,100
80,Access to electricity (% of total population),1.1_ACCESS.ELECTRICITY.TOT,Greenland,GRL,100,100,100,100,100,100,100,100,100,100,100,100,100,100,100,100,100,100,100,100,100,100,100,100,100
81,Access to electricity (% of total population),1.1_ACCESS.ELECTRICITY.TOT,Grenada,GRD,75.61027527,76.30432129,76.99790955,77.68878937,78.37426758,79.05162048,79.71815491,80.37115479,81.00792694,81.62685394,82.23074341,82.82348633,83.40898895,83.99114227,84.57384491,85.16100311,85.7565155,86.36333466,86.98065186,87.60671234,88.23978424,88.8,89.51991272,90.16347504,90.8073349
82,Access to electricity (% of total population),1.1_ACCESS.ELECTRICITY.TOT,Guadeloupe,GLP,75.61027527,76.30432129,76.99790955,77.68878937,78.37426758,79.05162048,79.71815491,80.37115479,81.00792694,81.62685394,82.23074341,82.82348633,83.40898895,83.99114227,84.57384491,85.16100311,85.7565155,86.36333466,86.98065186,87.60671234,88.23978424,88.8,89.51991272,90.16347504,90.8073349
83,Access to electricity (% of total population),1.1_ACCESS.ELECTRICITY.TOT,Guam,GUM,0,0,0,0,0,100,100,100,100,100,100,100,100,100,100,100,100,100,100,100,100,100,100,100,100
84,Access to electricity (% of total population),1.1_ACCESS.ELECTRICITY.TOT,Guatemala,GTM,60.15873337,61.42889404,62.69860077,63.96559906,65.22718811,60.8,67.72331238,68.95243073,70.16531372,70.9,73.318205,73.70922852,78.667838,78.512204,77.18793488,78.35121155,83.730998,80.7057724,81.89920044,83.10138702,84.31056213,84.026414,86.74292755,87.96260834,85.494371
85,Access to electricity (% of total population),1.1_ACCESS.ELECTRICITY.TOT,Guinea,GIN,8.830646515,9.675252914,10.51940918,11.36085987,12.19689751,13.02481937,13.84191704,14.64548588,15.43282032,16.4,16.95676613,17.70007515,18.43614006,19.16885948,19.90213203,20.2,21.38593102,22.14331245,22.91119385,23.68782616,24.47145653,25.26033592,26.2,26.84684753,27.64126778
86,Access to electricity (% of total population),1.1_ACCESS.ELECTRICITY.TOT,Guinea-Bissau,GNB,0,0,0,0,0,0,0,0,0,0,0,0,0,0,0.015485317,0.083395608,0.410800874,1.291538239,2.600957632,4.7,6,9.366147995,11.63054371,13.89668941,17.2
87,Access to electricity (% of total population),1.1_ACCESS.ELECTRICITY.TOT,Guyana,GUY,69.17523956,69.85214233,70.52859497,72.376631,71.87068176,72.53090668,73.18030548,73.81616974,74.43580627,75.03759766,75.6243515,76.1999588,76.76831818,77.33333588,77.89891052,77.5,79.04730988,79.63698578,80.23716736,77.6,81.4620285,82.08320618,82.70788574,83.33432007,86.9
88,Access to electricity (% of total population),1.1_ACCESS.ELECTRICITY.TOT,Haiti,HTI,28.44041061,28.8970623,29.35326385,29.80675888,30.25484085,31.3,31.12395096,31.53956413,31.93894386,32.32048416,33.7,31.542382,33.39044571,33.7352066,34.08052444,34.43029404,33.9,35.15784073,35.5377655,35.92644501,36.32211685,36.72304535,37.9,37.53364182,37.94010925
89,Access to electricity (% of total population),1.1_ACCESS.ELECTRICITY.TOT,Honduras,HND,55.10711288,54.781937,58.913112,61.100156,64.733947,66.122022,61.68112,64.794754,66.859519,67.394103,67.50870514,68.67956543,63.141137,65.090464,67.113528,68.903309,71.266448,73.548187,76.396899,78.269685,80.984668,82.195298,83.607727,87.184881,88.653773
90,Access to electricity (% of total population),1.1_ACCESS.ELECTRICITY.TOT,Hong Kong,HKG,100,100,100,100,100,100,100,100,100,100,100,100,100,100,100,100,100,100,100,100,100,100,100,100,100
91,Access to electricity (% of total population),1.1_ACCESS.ELECTRICITY.TOT,Hungary,HUN,100,100,100,100,100,100,100,100,100,100,100,100,100,100,100,100,100,100,100,100,100,100,100,100,100
92,Access to electricity (% of total population),1.1_ACCESS.ELECTRICITY.TOT,Iceland,ISL,100,100,100,100,100,100,100,100,100,100,100,100,100,100,100,100,100,100,100,100,100,100,100,100,100
93,Access to electricity (% of total population),1.1_ACCESS.ELECTRICITY.TOT,India,IND,45.0628891,46.54481888,48.02629852,50.9,50.9784317,52.44367599,53.89809799,55.33898926,56.76364517,60.1,59.56223679,55.8,62.3,63.68630219,64.4,66.4319458,67.9,69.21004486,70.61524963,75,76.3,67.6,79.9,77.73751831,79.16925812
94,Access to electricity (% of total population),1.1_ACCESS.ELECTRICITY.TOT,Indonesia,IDN,60.34327316,48.9,64.02869415,55.43,62.8,66.86,72.39,80.3,80.94,83.73,86.3,86.26,87.6,87.94,89.01,87.12741852,90.62,91.1,92.73,93.55,94.15,94.83,96,96.46425831,97.01
95,Access to electricity (% of total population),1.1_ACCESS.ELECTRICITY.TOT,Iran,IRN,96.15238953,96.35027313,96.5477066,96.74243927,96.93175507,97.11295319,97.2833252,97.44017792,97.58078766,97.70355988,97.9,97.90787506,97.99721527,98.08321381,98.16976166,98.26076508,98.4,98.47077942,98.59194183,98.72184753,98.85875702,99.00091553,99.1465683,99.29397583,99.44168091
96,Access to electricity (% of total population),1.1_ACCESS.ELECTRICITY.TOT,Iraq,IRQ,95.33419037,95.53903961,95.74343872,95.94512939,96.14141083,96.32957458,96.50691223,96.67072296,96.81829834,96.94802856,97.06272888,97.16627502,97.26258087,97.35554504,97.44905853,97.54701996,97.65333557,98.1,97.899086,98.03595734,98.17983246,98,98.48157501,98.63594055,98.79060364
97,Access to electricity (% of total population),1.1_ACCESS.ELECTRICITY.TOT,Ireland,IRL,100,100,100,100,100,100,100,100,100,100,100,100,100,100,100,100,100,100,100,100,100,100,100,100,100
98,Access to electricity (% of total population),1.1_ACCESS.ELECTRICITY.TOT,Isle of Man,IMY,100,100,100,100,100,100,100,100,100,100,100,100,100,100,100,100,100,100,100,100,100,100,100,100,100
99,Access to electricity (% of total population),1.1_ACCESS.ELECTRICITY.TOT,Israel,ISR,100,100,100,100,100,100,100,100,100,100,100,100,100,100,100,100,100,100,100,100,100,100,100,100,100
100,Access to electricity (% of total population),1.1_ACCESS.ELECTRICITY.TOT,Italy,ITA,100,100,100,100,100,100,100,100,100,100,100,100,100,100,100,100,100,100,100,100,100,100,100,100,100
101,Access to electricity (% of total population),1.1_ACCESS.ELECTRICITY.TOT,Jamaica,JAM,70.334586,76.28334045,77.25132751,78.21660614,79.1764679,80.1282196,85.706045,81.99654388,82.90769958,84.554112,84.67930603,87.708112,86.681291,87.26287842,88.11997986,88.98152924,89.8514328,90.73264313,92,92.52481079,93.43226624,91.1,95.26118469,96.17914581,97.09738922
102,Access to electricity (% of total population),1.1_ACCESS.ELECTRICITY.TOT,Japan,JPN,100,100,100,100,100,100,100,100,100,100,100,100,100,100,100,100,100,100,100,100,100,100,100,100,100
103,Access to electricity (% of total population),1.1_ACCESS.ELECTRICITY.TOT,Jordan,JOR,96.8,97.47757721,97.65201569,97.82375336,97.99007416,98.14016724,98.28553772,98.9,98.53448486,98.63587952,98.72331238,98.79981232,99.5,98.93502045,99.17343682,99.07223511,99.15040588,98.8,99.33492279,99.4,99.55314636,99.67037201,99.5,99.8976593,100
104,Access to electricity (% of total population),1.1_ACCESS.ELECTRICITY.TOT,Kazakhstan,KAZ,97.65453339,97.81790161,97.9808197,98.13696289,98.28973389,99.9,98.5682373,98.68875122,98.79412842,97,98.95990753,99.02487946,99.08262634,99.13703156,99.19197083,99.25119019,99.31782532,99.39377594,99.47929382,100,99.67443848,99.77879333,99.87578583,99.94984436,100
105,Access to electricity (% of total population),1.1_ACCESS.ELECTRICITY.TOT,Kenya,KEN,5.607751846,6.650734901,7.693267345,10.9,9.767507553,10.79380512,11.80927944,12.81122398,14.5,14.76480484,15.71763325,16.65931892,17.59375954,16,19.45650291,20.39260292,21.33705521,22.29281235,23.25907135,23,19.2,26.20334053,27.19409752,28.18660355,36
106,Access to electricity (% of total population),1.1_ACCESS.ELECTRICITY.TOT,Kiribati,KIR,95.1548996,93.25421906,91.35308075,89.44924164,87.53998566,85.622612,83.69441986,81.75270081,79.79473877,77.81893921,75.82810211,73.82611847,71.81689453,69.80432129,67.79229736,69.67640546,63.78551483,61.79760361,59.82019424,46.4,63.16773671,53.93346024,51.98054886,50.02938843,48.07851791
107,Access to electricity (% of total population),1.1_ACCESS.ELECTRICITY.TOT,North Korea,PRK,4.369770527,5.597392559,6.824563026,8.049028397,9.268081665,10.47901726,11.67913055,12.86571407,14.03606319,15.18857193,16.32603836,17.45236397,18.57144356,19.68717766,20.80346489,21.92420197,23.05329132,24.19368935,25.34458542,26,27.67087746,28.84277153,30.0181675,31.1953125,32.37274933
108,Access to electricity (% of total population),1.1_ACCESS.ELECTRICITY.TOT,Korea,KOR,0,0,0,0,0,100,100,100,100,100,100,100,100,100,100,100,100,100,100,100,100,100,100,100,100
109,Access to electricity (% of total population),1.1_ACCESS.ELECTRICITY.TOT,Kosovo,KSV,87.09340668,87.75115204,88.40843964,89.0630188,89.71218872,90.35324097,90.9834671,91.60017395,92.20063782,92.78326416,93.35084534,93.9072876,94.45648193,95.00233459,95.54873657,96.09959412,96.65879822,97.22931671,97.81032562,98.40214539,99,99.4553299,99.78694153,99.94671631,100
110,Access to electricity (% of total population),1.1_ACCESS.ELECTRICITY.TOT,Kuwait,KWT,100,100,100,100,100,100,100,100,100,100,100,100,100,100,100,100,100,100,100,100,100,100,100,100,100
111,Access to electricity (% of total population),1.1_ACCESS.ELECTRICITY.TOT,Kyrgyz Republic,KGZ,99.35575104,99.43019104,99.50417328,99.57545471,99.64131927,99.69907379,99.7460022,99.8,99.79656219,99.79589081,99.78016663,99.75331116,100,99.68175507,99.64485168,99.61240387,99.58831024,99.57552338,99.57323456,99.57969666,99,99.61186218,99.8,99.65803528,99.8
112,Access to electricity (% of total population),1.1_ACCESS.ELECTRICITY.TOT,Lao PDR,LAO,17.68912125,20.26659393,22.84361458,31,27.98683167,25,33.09757996,35.63401413,38.15421295,40.65657425,43.14389038,45.62006378,46.3,48,53.02071381,57.2,57.97024536,60.46049118,66,65.47073364,67.98722839,70,73.03421783,75.56121063,78.08850098
113,Access to electricity (% of total population),1.1_ACCESS.ELECTRICITY.TOT,Latvia,LVA,100,100,100,100,100,100,100,100,100,100,100,100,100,100,100,100,100,100,100,100,100,100,100,100,100
114,Access to electricity (% of total population),1.1_ACCESS.ELECTRICITY.TOT,Lebanon,LBN,97.19386292,97.41874695,97.64317322,97.86489868,98.07511902,98.28128815,98.47664642,98.65868378,98.82557678,98.97695923,99.11437988,99.24086761,99.36013031,99.47605133,99.9,99.71138,99.82588959,99.9,99.9,99.99469757,99.99954987,100,100,100,100
115,Access to electricity (% of total population),1.1_ACCESS.ELECTRICITY.TOT,Lesotho,LSO,0,0,0,0,0,0,0,0,0.016507551,0.087504998,0.408730984,1.241471887,2.471420527,4.513011932,6.8,8.601753235,9.7,12.72295475,14.79970932,17,18.97771645,21.07546806,23.17672157,25.27972221,27.8
116,Access to electricity (% of total population),1.1_ACCESS.ELECTRICITY.TOT,Liberia,LBR,0,0,0,0,0,0,0,0,0,0,0,0,0,0.016847257,0.074524812,0.293555796,0.796854138,3,2.582756519,1.9,4.752286434,4.1,6.942814827,9.8,9.140634537
117,Access to electricity (% of total population),1.1_ACCESS.ELECTRICITY.TOT,Libya,LBY,100,99.99752808,99.99284363,99.98412323,99.96951294,99.94670868,99.91309357,99.86615753,99.80407715,99.72649384,99.8,99.53245544,99.42275238,99.30970001,99.19718933,99.08895111,98.98812866,98.8966217,98.81468964,98.74132538,98.67494202,98.61381531,98.55625153,98.50071716,98.44602966
118,Access to electricity (% of total population),1.1_ACCESS.ELECTRICITY.TOT,Liechtenstein,LIE,100,100,100,100,100,100,100,100,100,100,100,100,100,100,100,100,100,100,100,100,100,100,100,100,100
119,Access to electricity (% of total population),1.1_ACCESS.ELECTRICITY.TOT,Lithuania,LTU,100,100,100,100,100,100,100,100,100,100,100,100,100,100,100,100,100,100,100,100,100,100,100,100,100
120,Access to electricity (% of total population),1.1_ACCESS.ELECTRICITY.TOT,Luxembourg,LUX,100,100,100,100,100,100,100,100,100,100,100,100,100,100,100,100,100,100,100,100,100,100,100,100,100
121,Access to electricity (% of total population),1.1_ACCESS.ELECTRICITY.TOT,Macao,MAC,0,0,0,0,100,100,100,100,100,100,100,100,100,100,100,100,100,100,100,100,100,100,100,100,100
122,Access to electricity (% of total population),1.1_ACCESS.ELECTRICITY.TOT,Macedonia,MKD,89.8403244,90.47187805,91.10298157,91.73137665,92.35436249,92.96923065,93.57328033,94.16379547,94.73807526,95.29451752,95.83591461,96.36617279,96.88918304,97.40885162,97.92906952,98.45845795,99,99.43867493,99.77095032,99.94021606,99.99267578,100,100,100,100
123,Access to electricity (% of total population),1.1_ACCESS.ELECTRICITY.TOT,Madagascar,MDG,10.55247784,10.87441254,9.2,11.51467609,11.82804298,12.1332922,12.42771816,10.9,12.97327805,13.22010136,13.45188141,14.8,13.8859129,14.09595966,20.3,14.52161312,14.7450161,14.97972679,15.22493649,17.4,15.73985481,14.3,16.27577209,12.9,16.81898117
124,Access to electricity (% of total population),1.1_ACCESS.ELECTRICITY.TOT,Malawi,MWI,1.897121549,2.28260088,3.2,3.049951553,3.426862478,3.795655966,4.153626442,4.498067856,4.826274395,5.136641026,4.8,5.716147423,5.993084431,6.2,6.9,6.819417,7.106363773,7.40461874,7.713372707,8.03087616,8.7,7.6,7.4,9,11.9
125,Access to electricity (% of total population),1.1_ACCESS.ELECTRICITY.TOT,Malaysia,MYS,93.4461441,93.8021698,94.15775299,94.51063538,94.85810089,95.1974411,95.52597046,95.84096527,96.13972473,96.42064667,96.68652344,96.94126129,97.18875122,97.43289948,97.67759705,97.92674255,98.19210815,98.46072388,98.73890686,99.3,99.31588745,99.58900452,99.8,99.93569183,100
126,Access to electricity (% of total population),1.1_ACCESS.ELECTRICITY.TOT,Maldives,MDV,72.69717407,73.98854065,75.27945709,76.56767273,77.8504715,79.12514496,80.38900757,81.63933563,82.87342834,84.08968353,83.8,86.48096466,87.66378784,88.84326935,90.02330017,91.20777893,92.40061951,93.60475922,94.81939697,99.9,97.2731781,98.38389587,99.25427246,99.7624588,100
127,Access to electricity (% of total population),1.1_ACCESS.ELECTRICITY.TOT,Mali,MLI,0,0.285910308,0.842802107,1.648080349,2.930054665,4.203911781,6.2,6.716450214,7.949719906,9.165149689,10.3655386,10.8,12.73678398,13.91543865,15.09464645,16.27830696,16.6,18.67363548,19.88745308,21.11001968,22.33958626,23.57440186,25.6,26.05278397,27.29314041
128,Access to electricity (% of total population),1.1_ACCESS.ELECTRICITY.TOT,Malta,MLT,100,100,100,100,100,100,100,100,100,100,100,100,100,100,100,100,100,100,100,100,100,100,100,100,100
129,Access to electricity (% of total population),1.1_ACCESS.ELECTRICITY.TOT,Marshall Islands,MHL,51.97214127,53.61829376,55.26399231,56.90698242,58.54456329,60.1740303,61.79266739,63.39778137,64.98665619,68.52423588,68.11369324,69.65853882,71.19615173,72.73040771,74.26522827,75.80448914,77.35211182,72.3,80.48046112,82.0586319,83.64380646,89.91960679,86.82814789,88.4238205,90.01979065
130,Access to electricity (% of total population),1.1_ACCESS.ELECTRICITY.TOT,Martinique,MTQ,0,0,0,0,0,0,0,0,0,0,0,0,0,0,0,0,0,0,0,0,0,0,0,0,0
131,Access to electricity (% of total population),1.1_ACCESS.ELECTRICITY.TOT,Mauritania,MRT,2.176764727,3.717288971,5.257362366,6.79472971,8.326685905,9.850523949,11.3635397,12.86302567,14.34627724,15.81168842,17.26205826,22.2,20.13326645,21.561903,22.99109268,18.2,25.86672592,27.3200264,30,30.25637436,31.73592186,33.22071838,34.70901489,36.19906235,38.8
132,Access to electricity (% of total population),1.1_ACCESS.ELECTRICITY.TOT,Mauritius,MUS,98.63817596,98.7210083,98.8033905,98.88306427,98.95732117,99.02346802,99.07878876,99.12058258,99.14614105,99.153862,99,99.12807465,99.4,99.07330322,99.0447998,99.02074432,99.00504303,99.0006485,99.00675964,99.02161407,99.04346466,99.4,99.1011734,99.13352966,99.16617584
133,Access to electricity (% of total population),1.1_ACCESS.ELECTRICITY.TOT,Mayotte,MYT,0,0,0,0,0,0,0,0,0,0,0,0,0,0,0,0,0,0,0,0,0,0,0,0,0
134,Access to electricity (% of total population),1.1_ACCESS.ELECTRICITY.TOT,Mexico,MEX,94.0351944,94.36196899,93.145981,95.01191711,95.238294,95.64022064,96.093624,96.22522736,96.092755,96.74639893,98.007132,97.20850372,97.897085,97.64163208,98.597701,98.932728,99.11416,98.55243683,98.914037,99.05887604,99.236696,99.57331848,99.111637,99.92144775,99.172928
135,Access to electricity (% of total population),1.1_ACCESS.ELECTRICITY.TOT,Micronesia,FSM,27.71459198,29.60790634,31.50076866,33.39092255,35.2756691,37.15229797,39.01810074,40.87037659,42.70641708,44.52461624,46,48.11978912,49.90456009,51.68598557,53.46796417,55.25439453,57.04917526,58.85526276,60.67185211,62.49718857,64.53152025,66.16711426,68.0082016,69.85103607,71.69416046
136,Access to electricity (% of total population),1.1_ACCESS.ELECTRICITY.TOT,Moldova,MDA,96.11981964,96.37554169,96.63080597,96.88336182,97.13050842,97.36953735,97.5977478,97.81242371,97.99821472,98.18043518,98.34869385,98.50601196,99,98.8028717,99.1,98.6,99.26071167,99.42900848,99.60401917,99.77014923,99.89844513,99.96985626,99.99507904,99.99973297,100
137,Access to electricity (% of total population),1.1_ACCESS.ELECTRICITY.TOT,Monaco,MCO,100,100,100,100,100,100,100,100,100,100,100,100,100,100,100,100,100,100,100,100,100,100,100,100,100
138,Access to electricity (% of total population),1.1_ACCESS.ELECTRICITY.TOT,Mongolia,MNG,63.81956482,64.78656769,65.75312042,66.71696472,67.67539978,68.62571716,69.56521606,70.49118042,71.40090942,72.2928009,67.3,74.03535461,74.89381409,76.3,76.604599,86.2,78.33319092,79.21296692,80.1032486,81.00227356,81.90830231,82.81958008,83.73435211,81.2,85.56769562
139,Access to electricity (% of total population),1.1_ACCESS.ELECTRICITY.TOT,Montenegro,MNE,100,100,100,100,100,100,100,100,100,100,100,100,100,100,100,100,100,100,100,100,100,100,100,100,100
140,Access to electricity (% of total population),1.1_ACCESS.ELECTRICITY.TOT,Montserrat,MSR,0,0,0,0,0,0,0,0,0,0,0,0,0,0,0,0,0,0,0,0,0,0,0,0,0
141,Access to electricity (% of total population),1.1_ACCESS.ELECTRICITY.TOT,Morocco,MAR,46.87924957,48.88241959,49.2,52.88515091,54.87975311,56.5,58.84189987,60.80403137,62.74992752,64.67798615,66.59100342,68.49287415,70.38750458,72.27878571,78.2,76.06690216,77.97154236,79.88748932,81.81393433,83.74913025,85.69132233,87.63876343,89.58970642,91.54239655,91.6
142,Access to electricity (% of total population),1.1_ACCESS.ELECTRICITY.TOT,Mozambique,MOZ,0,0.020124746,0.097807646,0.368050635,0.65798378,1.741786361,2.814765692,6.6,4.917431831,5.942807674,6.953141212,5.7,8.944278717,8.1,10.92203236,11.91563797,12.91759396,13.93085766,14.95462132,15,17.02664566,20.2,19.11966896,20.16967964,21.21998405
143,Access to electricity (% of total population),1.1_ACCESS.ELECTRICITY.TOT,Myanmar,MMR,41.32281113,41.81108856,42.29891586,42.78403473,43.26374435,43.7353363,44.19610596,44.64334488,45.07434845,45.4875145,45.88563538,46.27261353,47,47.02873993,47.40568161,47.78707504,48.17682266,48.57787323,48.98942566,49.40972519,48.8,50.26957703,50.70562744,51.1434288,52
144,Access to electricity (% of total population),1.1_ACCESS.ELECTRICITY.TOT,Namibia,NAM,25.19654465,26.27267647,26.4,28.42133331,29.48889732,30.54834557,31.5969696,32.63206482,33.65092468,34.65194321,36.5,36.61275482,37.58034515,38.54459,39.50938797,40.4786377,41.45623779,43.7,43.44455338,44.45271301,45.4678688,46.48827362,47.51218033,47.4,49.56378174
145,Access to electricity (% of total population),1.1_ACCESS.ELECTRICITY.TOT,Nepal,NPL,0,0.054094099,0.382749945,1.492630959,2.832022429,6.933862209,17.9,15.10236549,19.16361809,23.20703125,27.23540115,24.6,35.26261139,39.26924896,37.2,47.28808212,51.2,55.33937836,59.38117599,63.43172836,67.48927307,76.3,75.61837006,79.68642426,84.9
146,Access to electricity (% of total population),1.1_ACCESS.ELECTRICITY.TOT,Netherlands,NLD,100,100,100,100,100,100,100,100,100,100,100,100,100,100,100,100,100,100,100,100,100,100,100,100,100
147,Access to electricity (% of total population),1.1_ACCESS.ELECTRICITY.TOT,Netherlands Antilles,ANT,0,0,0,0,0,0,0,0,0,0,0,0,0,0,0,0,0,0,0,0,0,0,0,0,0
148,Access to electricity (% of total population),1.1_ACCESS.ELECTRICITY.TOT,New Caledonia,NCL,0,0,0,0,0,100,100,100,100,100,100,100,100,100,100,100,100,100,100,100,100,100,100,100,100
149,Access to electricity (% of total population),1.1_ACCESS.ELECTRICITY.TOT,New Zealand,NZL,100,100,100,100,100,100,100,100,100,100,100,100,100,100,100,100,100,100,100,100,100,100,100,100,100
150,Access to electricity (% of total population),1.1_ACCESS.ELECTRICITY.TOT,Nicaragua,NIC,66.92156219,67.54168701,68.16135406,72.064174,69.38986969,69.99330139,70.58591461,71.16499329,69.047103,72.27285004,72.80281067,72.22158,73.83321381,74.34144592,74.85022736,73.821815,75.88505554,76.41794586,76.96134186,77.916313,78.07263184,78.63702393,79.20491791,79.77455902,81.853073
151,Access to electricity (% of total population),1.1_ACCESS.ELECTRICITY.TOT,Niger,NER,2.94697094,3.48124671,4.4,4.546190262,5.071897507,6.2,7,6.589492321,6.7,7.525658131,7.969779491,8.402757645,8.828491211,9.250879288,9.673820496,7.1,9.3,10.98400784,11.44155788,11.90785789,12.38115788,14.3,14.4,13.82555389,14.3096447
152,Access to electricity (% of total population),1.1_ACCESS.ELECTRICITY.TOT,Nigeria,NGA,27.3,32.59526825,33.74772263,34.89747238,36.04180908,37.17802811,38.30342102,39.41529083,40.51092148,44.9,42.65146255,43.70307159,44.74743271,52.2,46.8300209,47.87604141,48.93041611,49.99609756,50.3,52.15720367,48,55.9,55.44699097,55.6,57.65213776
153,Access to electricity (% of total population),1.1_ACCESS.ELECTRICITY.TOT,Northern Mariana Islands,MNP,0,0,0,0,0,100,100,100,100,100,100,100,100,100,100,100,100,100,100,100,100,100,100,100,100
154,Access to electricity (% of total population),1.1_ACCESS.ELECTRICITY.TOT,Norway,NOR,100,100,100,100,100,100,100,100,100,100,100,100,100,100,100,100,100,100,100,100,100,100,100,100,100
155,Access to electricity (% of total population),1.1_ACCESS.ELECTRICITY.TOT,Oman,OMN,0,0,0,0,0,0,0,0,0,0,0,0,0,0,0,0,0,100,100,100,100,100,100,100,100
156,Access to electricity (% of total population),1.1_ACCESS.ELECTRICITY.TOT,Pakistan,PAK,58.74058533,59.6,62.09465027,63.76875305,65.43744659,67.09801483,68.74776459,70.38398743,70.46,73.60611725,75.19322205,77.7,78.33789825,79.90326691,81.4691925,83.85,84.61829376,89.2,87.80886078,90.73,91.03442383,91.37,94.28098297,93.6,97.53484344
157,Access to electricity (% of total population),1.1_ACCESS.ELECTRICITY.TOT,Palau,PLW,97.49210358,97.61381531,97.73506927,97.85362244,97.96675873,98.07177734,98.16597748,98.2466507,98.31108093,98.35768127,98.38922882,98.40963745,98.42280579,98.43262482,98.44300079,98.91650733,98.48099518,98.51548004,98.56046295,98.61419678,98.67492676,98.74090576,97.63042631,98.88161469,99.8103
158,Access to electricity (% of total population),1.1_ACCESS.ELECTRICITY.TOT,Panama,PAN,70.19,73.34184265,74.19857025,75.05258942,75.90119934,76.74169159,77.57135773,78.38749695,79.18740082,79.96945953,81.40141009,81.49236298,82.24099731,87.8,83.73213196,84.48242188,85.24106598,86.01101685,86.79147339,87.58067322,86.85,89.17832184,89.98327637,89.1,91.59696198
159,Access to electricity (% of total population),1.1_ACCESS.ELECTRICITY.TOT,Papua New Guinea,PNG,6.165826797,6.814100266,7.461922646,8.107039452,8.74674511,9.378333092,11,10.60633278,11.19733334,11.77049446,12.32861423,12.87559032,13.41532135,13.95170689,14.48864651,15.03003693,12.4,16.14082718,16.71237564,17.29267311,19.5,18.47251701,19.06856346,19.66636086,20.26445007
160,Access to electricity (% of total population),1.1_ACCESS.ELECTRICITY.TOT,Paraguay,PRY,79.01337433,80.01073456,81.00764465,82.00184631,82.99064636,77.469114,84.94116974,86.412854,86.83758545,88.518177,88.66704559,91.04207,91.666443,92.558399,93.249876,94.686886,96.749045,96.452771,96.677896,96.891335,97.43086,98.23656,97.835616,99.015884,99.000716
161,Access to electricity (% of total population),1.1_ACCESS.ELECTRICITY.TOT,Peru,PER,60.2897377,61.66706848,70.1,64.41812134,65.78688049,67.14752197,67,69.16024,72.072063,74.078523,72.496495,72.113111,74.382688,74.380966,75.692357,77.173645,80.157275,81.988131,84.678343,86.42432,88.123061,89.707491,91.099508,92.135365,92.919989
162,Access to electricity (% of total population),1.1_ACCESS.ELECTRICITY.TOT,Philippines,PHL,61.98480988,63.17651367,64.36776733,65.4,66.73944855,67.91446686,69.07866669,70.22933197,71.3,72.48035431,73.58190155,74.67230988,75.75547028,76.6,77.91565704,79.00048065,80.09365082,81.19813538,83.3,83.43683624,84.56756592,85.70354462,86.84302521,87.5,89.12577057
163,Access to electricity (% of total population),1.1_ACCESS.ELECTRICITY.TOT,Poland,POL,100,100,100,100,100,100,100,100,100,100,100,100,100,100,100,100,100,100,100,100,100,100,100,100,100
164,Access to electricity (% of total population),1.1_ACCESS.ELECTRICITY.TOT,Portugal,PRT,100,100,100,100,100,100,100,100,100,100,100,100,100,100,100,100,100,100,100,100,100,100,100,100,100
165,Access to electricity (% of total population),1.1_ACCESS.ELECTRICITY.TOT,Puerto Rico,PRI,0,0,0,0,0,0,0,0,0,0,0,0,100,100,100,100,100,100,100,100,100,100,100,100,100
166,Access to electricity (% of total population),1.1_ACCESS.ELECTRICITY.TOT,Qatar,QAT,100,100,100,100,100,100,100,100,100,100,100,100,100,100,100,100,100,100,100,100,100,100,100,100,100
167,Access to electricity (% of total population),1.1_ACCESS.ELECTRICITY.TOT,Reunion,REU,0,0,0,0,0,0,0,0,0,0,0,0,0,0,0,0,0,0,0,0,0,0,0,0,0
168,Access to electricity (% of total population),1.1_ACCESS.ELECTRICITY.TOT,Romania,ROM,100,100,100,100,100,100,100,100,100,100,100,100,100,100,100,100,100,100,100,100,100,100,100,100,100
169,Access to electricity (% of total population),1.1_ACCESS.ELECTRICITY.TOT,Russian Federation,RUS,100,100,100,100,100,100,100,100,100,100,100,100,100,100,100,100,100,100,100,100,100,100,100,100,100
170,Access to electricity (% of total population),1.1_ACCESS.ELECTRICITY.TOT,Rwanda,RWA,0,0.085522912,2.3,0.599688232,1.305336714,2.002867699,2.689575434,3.362754345,4.019698143,4.658802509,6.2,5.895783901,6.501458645,7.103787899,7.706669807,4.8,8.929688454,9.556680679,6,10.84041309,9.7,10.8,12.81413364,15.2,19.8
171,Access to electricity (% of total population),1.1_ACCESS.ELECTRICITY.TOT,Saint Pierre et Miquelon,SPM,0,0,0,0,0,0,0,0,0,0,0,0,0,0,0,0,0,0,0,0,0,0,0,0,0
172,Access to electricity (% of total population),1.1_ACCESS.ELECTRICITY.TOT,Samoa,WSM,77.73905945,78.8,79.69768524,80.67406464,80,82.60788727,83.55991364,84.49841309,85.42067719,86.32510376,87.21448517,88.09272766,88.96372223,89.83137512,90.69957733,91.57222748,96.37172973,93.34555054,94.24835968,95.15991974,96.07848358,96.6685747,97.92960358,98.85866547,97.9
173,Access to electricity (% of total population),1.1_ACCESS.ELECTRICITY.TOT,San Marino,SMR,100,100,100,100,100,100,100,100,100,100,100,100,100,100,100,100,100,100,100,100,100,100,100,100,100
174,Access to electricity (% of total population),1.1_ACCESS.ELECTRICITY.TOT,Sao Tome and Principe,STP,42.47646332,43.41785431,44.35879517,45.2970314,46.22985458,47.15456009,48.0684433,48.96879959,49.85292053,50.71920013,52.9,52.41053009,53.2433815,54.07288361,54.90294266,55.73745346,56.58031082,57.43447876,58.29914856,56.9,60.05297852,60.93864441,57.9,62.71872711,68.6
175,Access to electricity (% of total population),1.1_ACCESS.ELECTRICITY.TOT,Saudi Arabia,SAU,0,0,0,0,0,0,0,0,0,0,0,0,0,0,100,100,100,100,100,100,100,100,100,100,100
176,Access to electricity (% of total population),1.1_ACCESS.ELECTRICITY.TOT,Senegal,SEN,19.54820251,21.30643463,23.06421471,26,26.56895065,28.31049538,30.0412178,32.2,33.45936966,36.2,36.81056595,38.46749878,36.8,41.76353073,36.8,47.1,49.9,48.39247894,50.07398605,53.5,53.46149445,56.5,56.87000275,57,61
177,Access to electricity (% of total population),1.1_ACCESS.ELECTRICITY.TOT,Serbia,SRB,93.95599365,94.50110626,95.04576874,95.58772278,96.12426758,96.6526947,97.17029572,97.67436981,98.14955139,98.62117004,99.0725708,99.47492981,100,99.93415833,99.98962402,99.99949646,100,100,100,100,100,100,100,100,100
178,Access to electricity (% of total population),1.1_ACCESS.ELECTRICITY.TOT,Seychelles,SYC,89.28579712,89.77406311,90.26187134,90.74697876,90,91.69825745,92.15901184,92,93.03722382,93.45037842,93.84848785,94.23545074,96.1,94.99155426,95.36847687,95.74986267,99,96.54063416,96.95217133,97.37245941,97,98.23228455,98.6683197,98,99.54418182
179,Access to electricity (% of total population),1.1_ACCESS.ELECTRICITY.TOT,Sierra Leone,SLE,18.36263657,18.20406723,18.04504395,17.88331795,17.71617699,17.54092026,17.35484123,17.15523148,16.93938828,16.70570564,16.45697975,16.19711113,15.9299984,15.65953922,16.8,15.12417984,14.86707687,14.62128162,12.1,14.15943813,13.93989086,14.2,13.5147953,13.5,13.09699154
180,Access to electricity (% of total population),1.1_ACCESS.ELECTRICITY.TOT,Singapore,SGP,100,100,100,100,100,100,100,100,100,100,100,100,100,100,100,100,100,100,100,100,100,100,100,100,100
181,Access to electricity (% of total population),1.1_ACCESS.ELECTRICITY.TOT,Sint Maarten (Dutch part),SXM,100,100,100,100,100,100,100,100,100,100,100,100,100,100,100,100,100,100,100,100,100,100,100,100,100
182,Access to electricity (% of total population),1.1_ACCESS.ELECTRICITY.TOT,Slovak Republic,SVK,100,100,100,100,100,100,100,100,100,100,100,100,100,100,100,100,100,100,100,100,100,100,100,100,100
183,Access to electricity (% of total population),1.1_ACCESS.ELECTRICITY.TOT,Slovenia,SVN,100,100,100,100,100,100,100,100,100,100,100,100,100,100,100,100,100,100,100,100,100,100,100,100,100
184,Access to electricity (% of total population),1.1_ACCESS.ELECTRICITY.TOT,Solomon Islands,SLB,0,0,0.01399901,0.067398526,0.333010495,1.058177352,2.147885799,4.016305923,5.868491173,15.7,9.522140503,11.33030128,13.131217,14.92878723,16.72691154,18.5294857,14.4,12.9,23.99537849,21.14815179,27.68534279,29.53907394,31.39630508,44.7,35.11455917
185,Access to electricity (% of total population),1.1_ACCESS.ELECTRICITY.TOT,Somalia,SOM,0,0,0.021194467,0.104185075,0.382657319,0.726445913,1.739169478,2.738363981,3.721323729,4.686443806,5.636521816,6.575456619,7.4,8.435491562,9.36438942,10.29773903,11.23943901,12.19244766,13.15595436,14.12821102,15.10746765,16.09197426,17.07997894,18.06973457,19.05978203
186,Access to electricity (% of total population),1.1_ACCESS.ELECTRICITY.TOT,South Africa,ZAF,56.50619125,57.94266129,59.378685,60.81200027,62.23990631,63.65969086,57.6,66.46408844,64.9,69.20465088,70.55097198,70.2,77.1,78.8,80.9,80.9,80.7,82,81.9,82.7,82.9,84.7,85.3,85.4,86
187,Access to electricity (% of total population),1.1_ACCESS.ELECTRICITY.TOT,South Sudan,SSD,0,0,0,0,0,0,0,0,0,0,0,0,0.014814459,0.050516419,0.170616418,0.418240964,0.754298449,1.201779485,1.659759521,3,1.5,3.079197407,3.561676025,4.045904636,4.530425072
188,Access to electricity (% of total population),1.1_ACCESS.ELECTRICITY.TOT,Spain,ESP,100,100,100,100,100,100,100,100,100,100,100,100,100,100,100,100,100,100,100,100,100,100,100,100,100
189,Access to electricity (% of total population),1.1_ACCESS.ELECTRICITY.TOT,Sri Lanka,LKA,52.5966568,54.30726242,56.01741791,57.72486496,59.42690277,61.12082291,62.80391693,64.47348785,66.1268158,67.76231384,69.38275909,63.6,80.7,74.19284821,75.79212189,77.39584351,79.00791931,80,82.2651825,83.9078064,85.3,87.76,88.87069702,90.2,92.19124603
190,Access to electricity (% of total population),1.1_ACCESS.ELECTRICITY.TOT,St. Kitts and Nevis,KNA,87.06078339,87.68638611,88.31153107,88.93396759,89.5510025,90.15991211,90.75800323,91.34255981,91.91088104,92.46137238,92.99681091,93.53,94.03816986,94.55187988,95.06613922,95.58485413,96.11192322,96.65029144,97.19916534,97.75679016,98.32472229,98.88056946,99.38043213,99.75272369,100
191,Access to electricity (% of total population),1.1_ACCESS.ELECTRICITY.TOT,St. Lucia,LCA,82.47564697,83.19015503,83.90420532,84.61555481,85.32149506,86.01931,86.70630646,87.379776,88.03700256,88.67639923,89.3007431,89.9,90.51991272,91.12253571,91.72570038,92.33332062,92.94929504,93.57657623,94.21435547,94.86088562,95.51441193,96.17318726,96.83546448,97.49949646,98.16381073
192,Access to electricity (% of total population),1.1_ACCESS.ELECTRICITY.TOT,St. Martin (French part),MAF,100,100,100,100,100,100,100,100,100,100,100,100,100,100,100,100,100,100,100,100,100,100,100,100,100
193,Access to electricity (% of total population),1.1_ACCESS.ELECTRICITY.TOT,St. Vincent and the Grenadines,VCT,65.90019226,66.8,68.78138733,70.21905518,71.65131378,73.07545471,74.48876953,75.8885498,77.27210236,78.63781738,79.98847961,82.41,82.66029358,83.98922729,85.31871796,86.65265656,87.99494934,88.79,90.71264648,92.085495,93.46533966,94.85044098,96.23903656,97.62937927,99.02001953
194,Access to electricity (% of total population),1.1_ACCESS.ELECTRICITY.TOT,Sudan,SDN,32.8,31.4743042,31.85633087,32.23564911,32.60955811,32.97534943,33.33031845,33.67175674,33.99695969,34.3043251,34.59664917,34.87782669,35.1517601,35.42235184,35.69349289,35.96908569,36.25303268,36.54828262,36.85403442,29,37.49003601,37.81678772,38.14703751,38.47903824,44.9
195,Access to electricity (% of total population),1.1_ACCESS.ELECTRICITY.TOT,Suriname,SUR,96.91288757,97.23091888,97.54850006,97.8633728,98.16674805,98.46606445,98.75457764,99.02975464,99.28979492,99.62406,99.73986816,99.89020538,99.96929169,99.99551392,99.99984741,100,100,100,100,100,100,100,100,100,100
196,Access to electricity (% of total population),1.1_ACCESS.ELECTRICITY.TOT,Swaziland,SWZ,0,0.198802054,0.830069423,1.309238076,4.297903538,7.278451443,10.24817657,13.20437241,16.14433289,19.06645393,21.97353363,26.9,27.75816154,30.64350891,33.5294075,36.41975784,35.2,42.22846985,45.14897919,48.07823563,51.01449203,53.95600128,56.90100861,59.84776306,65
197,Access to electricity (% of total population),1.1_ACCESS.ELECTRICITY.TOT,Sweden,SWE,100,100,100,100,100,100,100,100,100,100,100,100,100,100,100,100,100,100,100,100,100,100,100,100,100
198,Access to electricity (% of total population),1.1_ACCESS.ELECTRICITY.TOT,Switzerland,CHE,100,100,100,100,100,100,100,100,100,100,100,100,100,100,100,100,100,100,100,100,100,100,100,100,100
199,Access to electricity (% of total population),1.1_ACCESS.ELECTRICITY.TOT,Syrian Arab Republic,SYR,77.06859589,77.91169739,78.75435638,79.59430695,80.42884827,81.25527191,82.07086945,82.87293243,83.6587677,84.42676544,85.17971802,85.92152405,86.6,87.38731384,88.11908722,88.85530853,89.59988403,90.3557663,91.12214661,91.89727783,92.7,93.46678925,94.25767517,95.0503006,95.84322357
200,Access to electricity (% of total population),1.1_ACCESS.ELECTRICITY.TOT,Taiwan,TWN,0,0,0,0,0,0,0,0,0,0,0,0,0,0,0,0,0,0,0,0,0,0,0,0,0
201,Access to electricity (% of total population),1.1_ACCESS.ELECTRICITY.TOT,Tajikistan,TJK,96.79184723,96.98592377,97.17955017,97.37046814,97.55597687,97.73336792,97.89994049,98.05297852,98.18978119,97,98.41266632,98.50544739,99,100,98.75592041,99.3,98.93865967,99.04550934,99.16286469,99,99.42206573,99.56041718,99.1,99.84586334,99.98976135
202,Access to electricity (% of total population),1.1_ACCESS.ELECTRICITY.TOT,Tanzania,TZA,5.326576233,5.811360359,6.8,6.777320862,7.253536224,7.721634865,9.4,8.622655869,9.050167084,8,9.854468346,10.23795414,10.61419678,11.1,11.4,11.73844337,12.12469482,12.52225399,11.5,11.2,14.8,14.2,15.3,16.4,15.50144958
203,Access to electricity (% of total population),1.1_ACCESS.ELECTRICITY.TOT,Thailand,THA,65.15666962,66.91905975,68.68099213,70.44022369,72.19404602,73.93974304,75.67462158,77.39596558,79.10108185,80.78835297,82.1,84.12167358,85.77552032,87.42601776,89.07707214,90.73257446,92.39643097,94.07159424,95.75725555,97.45166016,99.7,99.49630737,99.88078308,99.98677063,100
204,Access to electricity (% of total population),1.1_ACCESS.ELECTRICITY.TOT,Timor-Leste,TMP,8.605654716,10.19876003,11.79141426,13.38136292,14.96589947,16.54231834,18.10791588,19.65998268,21.19581604,22.71380806,24.21675873,25.6,27.19313049,27.7,30.15611839,31.64233971,33.1369133,36.6,36.15917587,37.68430328,38,40.75381088,42.29468918,43.83731842,45.38023758
205,Access to electricity (% of total population),1.1_ACCESS.ELECTRICITY.TOT,Togo,TGO,0,0.973318338,2.117878914,4.131228924,6.139166832,8.138987541,10.127985,12.10345364,15.3,16.00408173,16.97,19.84564209,21.7536068,23.65822601,25.56339836,27.47302055,27.9,31.32027817,33.26005936,35.20859146,37.16411972,39.7,41.08917999,43.05521011,45.7
206,Access to electricity (% of total population),1.1_ACCESS.ELECTRICITY.TOT,Tonga,TON,77.78382111,78.57247925,79.36068726,80.14619446,80,81.69826508,82.45941925,83.20703888,83.93843079,84.65197754,85.35048676,86.03784943,86.71796417,87.39473724,88.07206726,88.75384521,92.3,90.14540863,90.85734558,91.57803345,92.30571747,92.17545611,92.8,94.51326752,95.25174713
207,Access to electricity (% of total population),1.1_ACCESS.ELECTRICITY.TOT,Trinidad and Tobago,TTO,82.41654968,83.34551239,84.27402496,85.1998291,86.12021637,87.03249359,87.9339447,88.8218689,89.69355774,90.54740143,91.29,92.21387482,93.0342865,93.85136414,94.66899109,95.49106598,96.32149506,97.1632309,98.01235962,99,99.42642212,99.80375671,99.95848083,99.9960022,100
208,Access to electricity (% of total population),1.1_ACCESS.ELECTRICITY.TOT,Tunisia,TUN,88.00911713,88.67047119,89.33136749,89.98955536,86.8,88.7,90.4,92,93.2,94.2,94.8,97.3,97.8,98.4,99,99.3,99.4,99.4,99.4,99.5,99.5,99.5,99.5,99.7,99.8
209,Access to electricity (% of total population),1.1_ACCESS.ELECTRICITY.TOT,Turkey,TUR,88.14746857,88.80231476,89.45671844,90.10840607,90.75469208,91.39285278,92.02019501,92.63401031,93.23159027,93.81132507,94.37602234,94.92957306,95.47588348,96.0188446,96.56236267,97.11032867,97.66664886,98.24194336,98.80969238,99.33032227,100,99.92352295,99.98997498,99.99989319,100
210,Access to electricity (% of total population),1.1_ACCESS.ELECTRICITY.TOT,Turkmenistan,TKM,98.15409088,98.31561279,98.47581482,98.63288116,98.78444672,98.92788696,99.06051636,99.17982483,99.28398895,99.37265015,99.6,99.5111084,99.56764221,99.62083435,99.67456055,99.7325592,99.79729462,99.86626434,99.92895508,99.97246552,100,99.9992218,100,100,100
211,Access to electricity (% of total population),1.1_ACCESS.ELECTRICITY.TOT,Turks and Caicos Islands,TCA,88.7,90.56698608,90.82215881,91.07462311,91.32167816,91.56061554,91.78872681,92.00331116,92.20166016,92.382164,95.6,92.7019577,92.84903717,92.99277496,93.13706207,93.28579712,93.44288635,93.61128235,93.79018402,93.97782898,94.17247009,94.37236786,93.1,94.78090668,94.98634338
212,Access to electricity (% of total population),1.1_ACCESS.ELECTRICITY.TOT,Tuvalu,TUV,90.65686798,91.04575348,91.43418884,91.8199234,92.20024109,92.5724411,92.93382263,93.28166962,93.61328888,93.92706299,94.22579193,94.51338196,94.62978316,95.07073212,95.34828186,95.63028717,95.92063904,96.7,96.5344696,96.8553772,97.18328857,97.51644897,97.6717774,98.19152069,98.53022003
213,Access to electricity (% of total population),1.1_ACCESS.ELECTRICITY.TOT,Uganda,UGA,2.962986708,5.6,4.10904932,4.679149151,5.243837357,6.8,6.34615612,6.878375053,7.394358635,7.892502785,8.375605583,8.6,7.8,9.773648262,10.23556995,8.9,9,11.66270065,12.15923214,10,13.1767931,14.6,14.21535301,13.9,20.4
214,Access to electricity (% of total population),1.1_ACCESS.ELECTRICITY.TOT,Ukraine,UKR,90.19203949,90.81760406,91.44271851,92.06511688,92.68211365,93.29099274,93.88904572,94.47356415,95.04185486,95.59230804,96.12771606,96.65197754,97.16899872,97.68267059,98.20022583,98.71648407,99.20568848,99.8,99.85758972,99.96763611,99.99658203,100,100,100,100
215,Access to electricity (% of total population),1.1_ACCESS.ELECTRICITY.TOT,United Arab Emirates,ARE,100,100,100,100,100,100,100,100,100,100,100,100,100,100,100,100,100,100,100,100,100,100,100,100,100
216,Access to electricity (% of total population),1.1_ACCESS.ELECTRICITY.TOT,United Kingdom,GBR,100,100,100,100,100,100,100,100,100,100,100,100,100,100,100,100,100,100,100,100,100,100,100,100,100
217,Access to electricity (% of total population),1.1_ACCESS.ELECTRICITY.TOT,United States,USA,100,100,100,100,100,100,100,100,100,100,100,100,100,100,100,100,100,100,100,100,100,100,100,100,100
218,Access to electricity (% of total population),1.1_ACCESS.ELECTRICITY.TOT,Uruguay,URY,95.73965454,95.96854401,96.19699097,96.42272949,96.64305115,96.85526276,97.05664063,97.24449921,97.41612244,97.56990051,97.70864105,97.83623505,97.95658875,98.07359314,98.19115448,98.31316376,98.505426,98.692636,98.784355,98.89827728,99.06619263,99.17,99.41603088,99.611808,99.657085
219,Access to electricity (% of total population),1.1_ACCESS.ELECTRICITY.TOT,Uzbekistan,UZB,98.39282227,98.56493378,98.73659515,98.9055481,99.0690918,99.22451782,99.6,99.50019836,99.61503601,99.71203613,99.79399109,99.86480713,99.7,99.98860168,100,100,100,100,100,100,100,100,100,100,100
220,Access to electricity (% of total population),1.1_ACCESS.ELECTRICITY.TOT,Vanuatu,VUT,12.96905327,13.92573452,14.88196468,15.83548832,18,17.72359657,18.65276909,19.56841087,20.46781921,19.1,22.21591568,23.0712986,23.91943741,24.76423073,25.60957718,26.45937538,26.44,28.18697929,29.06693649,33.29111519,30.85134506,31.75230026,32.65675354,31.7,34.46945572
221,Access to electricity (% of total population),1.1_ACCESS.ELECTRICITY.TOT,Venezuela,VEN,97.48551178,97.61393738,97.820203,97.86717987,97.98703766,98.09877777,98.1996994,98.28708649,98.35823822,98.41155243,98.44982147,98.4769516,98.4968338,98.51337433,98.53046417,98.55200958,98.58190155,98.62310028,98.67480469,98.73525238,98.80270386,98.84,98.95160675,99.02955627,99.10779572
222,Access to electricity (% of total population),1.1_ACCESS.ELECTRICITY.TOT,Vietnam,VNM,73.85775757,75.11332703,76.36844635,77.62085724,78.86785889,80.10673523,81.33480072,78.4,83.74762726,84.9280777,86.0934906,87.24776459,89.1,89.53847504,90.68270874,96.1,96,94.1567688,95.33561707,96.1,97.71779633,99,100,100,99.2
223,Access to electricity (% of total population),1.1_ACCESS.ELECTRICITY.TOT,Virgin Islands (U.S.),VIR,100,100,100,100,100,100,100,100,100,100,100,100,100,100,100,100,100,100,100,100,100,100,100,100,100
224,Access to electricity (% of total population),1.1_ACCESS.ELECTRICITY.TOT,West Bank and Gaza,WBG,97.74166107,97.89733124,98.05245972,98.20439148,98.34990692,98.48580933,98.60889435,97.9,98.80378723,98.87072754,99.7,98.96157837,98.99761963,99.1,99.08126831,99.1410141,99.7,99.32502747,99.4516449,99.59689331,99.9,99.92842102,100,100,99.9
225,Access to electricity (% of total population),1.1_ACCESS.ELECTRICITY.TOT,Western Sahara,ESH,0,0,0,0,0,0,0,0,0,0,0,0,0,0,0,0,0,0,0,0,0,0,0,0,0
226,Access to electricity (% of total population),1.1_ACCESS.ELECTRICITY.TOT,Yemen,YEM,35.17142105,36.76848602,44.1,39.95900345,41.54750061,43.1278801,44.69743347,42.6,47.79325104,49.31520081,50.82211304,52.31787872,53.8064003,55.29157639,49.59,58.26748657,59.76601791,61.27585602,62.79619598,64.32528687,65.8613739,67.40270996,68.94754791,75.6,72.04101563
227,Access to electricity (% of total population),1.1_ACCESS.ELECTRICITY.TOT,Zambia,ZMB,13.9,14.77597141,19.2,15.70166588,16.15774918,16.60571289,17.3,17.46646881,17.87384605,18.26338577,16.7,19.00123405,17.4,18.5,20.3,20.42119026,20.78730965,18.5,21.5526619,21.94933701,22,22.76193619,23.17436028,23.5885334,27.9
228,Access to electricity (% of total population),1.1_ACCESS.ELECTRICITY.TOT,Zimbabwe,ZWE,29.8888588,30.23710442,28.2,30.92999077,28.1,31.60122871,31.92196655,32.22917557,32.52014923,38.4,33.05137634,33.29832458,34.2,33.77438736,34.01129913,34.25266266,37.2,34.76339722,35.03491974,35.31518936,35.60245895,36.9,36.19100189,36.48876953,32.3